mark9,password,mark,borelli,borelm@rpi.edu
u1,password,Nora,Decker,
u2,password,Akbar,Haines,
u3,password,Roisin,Nicholls,
u4,password,Rhona,Knott,
u5,password,Corben,Graham,
u6,password,Darrell,Mccabe,
u7,password,Aryana,Mcpherson,
u8,password,Cynthia,Short,
u9,password,Simon,Rankin,
u10,password,Jasmin,Waller,
u11,password,Rufus,Ventura,
u12,password,Russell,Villegas,
u13,password,Eilish,Cooley,
u14,password,Osian,Miles,
u15,password,Tahir,Kumar,
u16,password,Jamil,Brady,
u17,password,Luella,Myers,
u18password,Sally,Cantu,
u19,password,Kelvin,Correa,
u20,password,Aiysha,Farrow,
u21,password,Ottilie,Meadows,
u22,password,Amelia-Grace,Lang,
u23,password,Taliyah,Woodard,
u24,password,Tyrone,Burks,
u25,password,Orlando,Beil,
u26,password,Charlie,Rowe,
u27,password,Kornelia,Patel,
u28,password,Farrell,Vazquez,
u29,password,Patrik,Strickland,
u30,password,Benito,Allman,
u31,password,Milan,Edge,
u32,password,Rosa,Gale,
u33,password,Iqra,Burris,
u34,password,Edgar,Carty,
u35,password,Umaima,Chung,
u36,password,Jak,Galindo,
u37,password,Leela,Carey,
u38,password,Billie-Jo,Mayo,
u39,password,Amin,Meza,
u40,password,James,Townsend,
u41,password,Samiyah,Mora,
u42,password,Elyas,Vang,
u43,password,Betty,Mueller,
u44,password,Ann-Marie,Brennan,
u45,password,Delia,Marsh,
u46,password,Bill,Rivera,
u47,password,Ciara,Berry,
u48,password,Wilson,Osborn,
u49,password,Yu,Leach,
u50,password,Leilani,Ewing,
u51,password,Hakeem,Pham,
u52,password,Isla-Mae,Dunlop,
u53,password,Katerina,Cassidy,
u54,password,Kobe,Larson,
u55,password,Lorna,Bartlett,
u56,password,River,Edmonds,
u57,password,Hal,Puckett,
u58,password,Agatha,Weston,
u59,password,Pippa,Stokes,
u60,password,Connagh,Davies,
u61,password,Nikita,Cleveland,
u62,password,Ida,Easton,
u63,password,Fatimah,Odom,
u64,password,Alanis,Webster,
u65,password,Tre,Mitchell,
u66,password,Madison,Weir,
u67,password,Hibah,Peacock,
u68,password,Kairo,Bonner,
u69,password,Annabell,Mckee,
u70,password,Marwan,Johns,
u71password,Verity,Dowling,
u72,password,Delilah,Figueroa,
u73,password,Hussain,Guerrero,
u74,password,Abigail,Andrews,
u75,password,Rylan,Blackwell
u76,password,Chantel,Roberson,
u77,password,Anais,Stanton,
u78,password,Suleman,Byers,
u79,password,Yusra,Rigby,
u80,password,Yosef,Krueger,
u81,password,Aditya,Taylor,
u82,password,Kobi,Hartley,
u83,password,Harvir,Beach,
u84,password,Aila,Kramer,
u85,password,Darcey,Cash,
u86,password,Karolina,Ayala,
u87,password,Farzana,Briggs,
u88,password,Aisling,Phelps,
u89,password,Conall,Strong,
u90,password,Montgomery,Michael,
u91,password,Macsen,Mcdonnell,
u92,password,Lachlan,Ingram,
u93,password,Romana,Goodman,
u94,password,Brittany,Holder,
u95,password,Ava,Mcmanus,
u96,password,Rosina,Callaghan,
u97,password,Marta,Miranda,
u98,password,Bentley,Espinosa,
u99,password,Peggy,Perry,
u100,password,Tara,Crossley,
